ra,dec,z
197.5728614138369,16.718448740608366,0.0984253044847157
257.468171894071,-88.1885347819032,0.12051122473690239
216.99481538579178,-4.3512847456999,0.07516983942535484
196.15794587888288,37.57867036938876,0.102304666912235
152.5157277620057,-82.0844222356637,0.07623289655273598
232.5218807039962,68.31386694427141,0.1126668145990688
157.5313960545693,3.6146549944211586,0.08180698275686463
321.03828028154874,-84.48101130137077,0.10425654331575018
346.91859378037054,-49.605549854248764,0.09576706184964348
138.03894677727996,81.66162535691635,0.08262695222223958
285.02101370975925,14.817551949369957,0.07570960025653686
190.40217111104562,-70.65493780161518,0.09233439304629835
204.49604199381562,-38.24198958949893,0.12610944168842997
333.214789785358,-7.793347345112849,0.09559772417665935
25.5729809512393,-86.22898753180851,0.11375832313173785
31.366547892554657,-15.909207549523416,0.09914435698506718
7.278623078517259,-1.8974456217543292,0.11315090160535679
299.74314439725765,-46.13798244937821,0.07259632932543224
280.13643034194615,15.955020052557586,0.093952175397257
313.2043733688549,45.58322152659184,0.11424108285689828
352.30260320379506,-47.54983966098561,0.09755117576750233
287.6970831180205,21.689982050397788,0.0987031707593343
166.13257041105547,25.132003733473482,0.0935430713217131
280.99050346312396,80.73725420319138,0.11724069075050686
42.57879331281596,50.08971011335987,0.10446271530932419
230.3715676779086,62.702148562201074,0.10066033414263023
51.607183467256704,-1.7244164814704703,0.1096458181800894
340.0808101378502,-56.63725434371109,0.10882337393676905
187.8653958300258,89.24675273273431,0.10318880569656305
149.2782983965885,-66.71596301303407,0.12320547245486267
95.24002035766571,-5.137682516232232,0.09909568699541323
278.724128196318,-77.7432421364208,0.10417121571951916
164.21411959795748,79.89315432314751,0.09035571169970665
204.63622159271347,83.68648935271912,0.10225172840509195
6.764328157087851,39.49003116071523,0.12381642285618052
222.34877894731574,-27.001288146569593,0.09035113597316892
220.3544601800717,-44.21116779882762,0.08299610761542311
222.0962388749125,-42.245401583331464,0.11495139464229724
339.7493082652647,-67.08707542438654,0.09776850771649481
245.45530767725404,4.645611553810127,0.10144006307454656
129.42284420656296,-64.47289037373405,0.09932330044459999
157.33150336776293,-32.98848002037787,0.10118682585894304
251.14723053381536,22.807165672638874,0.11275796025285158
21.68116978653714,40.957849726334956,0.0874131371410109
240.03601756044037,-85.63091316802898,0.08482338873841767
241.4296330625374,-12.57912281218681,0.10127452205556563
75.73772198658273,27.382427071585028,0.07590340465825252
46.41346715574719,63.58427570853232,0.07940419695937108
113.55420633270619,-4.441539201825165,0.1280002472249744
130.93587753934415,84.45705690918334,0.11136202495092107
205.27083735043666,-42.186141442539494,0.09984915292196479
157.89654484643532,-87.5684328071906,0.1185701040393766
355.8145817013214,-2.9244843536874896,0.08439101154872283
36.736131869290105,-43.89951689639677,0.09526595314921213
75.19563219414049,58.26918096417049,0.10935180414136575
58.07142643859865,-48.100919007399824,0.11336007522147093
235.11899716754343,-34.086740707564864,0.10769375270241666
91.18497691432157,52.42093758344021,0.06188141788467664
167.87187822827028,38.725785364564786,0.08547876823503134
87.99321312057698,10.449222598307259,0.10715602138535299
57.2290501123871,36.890651146096715,0.09466072760429792
39.73505081914985,-14.645364557395226,0.1381034743113876
236.27865220749842,-89.0441914293598,0.11389837451450645
49.74586248550097,-87.95607686780534,0.10837122820928
70.76965020481926,2.0199217632635964,0.08324575669379916
132.74106143794708,-75.00762365058014,0.09947054890595627
295.55756274525663,-80.80641356953377,0.1036180594632843
34.956459285502056,83.7929950447452,0.11691675445191704
301.6601666995694,64.62047513845053,0.11321696645649448
34.59542684182671,-62.635099102277486,0.11549483791779919
351.5254074048225,-89.88044065376319,0.08614131976284997
168.71443259317257,79.50020317015617,0.12118227547447946
351.6339917485214,-39.90144630237942,0.07929353871539097
217.74438710821656,-56.53843148601045,0.09196128157500758
266.1348885833886,34.47145940967634,0.10646156702418463
14.107605211555443,-70.39732700856129,0.09775162612400291
101.81050652750744,-42.363072359495945,0.08490944713119414
43.270762036740805,85.51704243816837,0.08767675261595302
106.61047110797217,25.10329940532185,0.07677618515726436
42.74197882352786,3.722002466859635,0.10797961958510788
114.47394458183138,-18.374649329711204,0.11890853267563224
149.13467802528118,49.410171879156366,0.09849409744897951
23.09309868556237,-64.62765422573513,0.09399476777479865
249.28996297320714,84.12080436665678,0.07791515607300266
203.97652351436705,65.0021414518416,0.11369802886378266
95.54021673820034,21.178256862463797,0.1331695649985924
188.36929924801188,-82.27688572753954,0.07303816293449654
33.818583873039,36.154016900592794,0.0840485059276809
207.34073840022455,74.39118135938654,0.08980610436183785
334.5466311274371,4.423872146152675,0.09153523135476267
114.68482288247652,-26.239532071092697,0.10341018925215222
240.2677367869254,-68.35007790369546,0.12421374320920342
47.447230465581185,45.88219874476229,0.11512895930290155
257.8777934826836,69.30393321812511,0.10791396074161475
104.1861934609924,-71.95468606634725,0.08914106943912098
65.94889032256206,46.61721985542155,0.08320557649479318
211.14465653162995,-86.92911247336245,0.08804837040540549
7.238716627497679,84.06988525389951,0.12322100202068109
298.4184105182507,20.710443714317307,0.09907385047813148
1.6903714293169436,9.439030618493973,0.09329745619506069
244.01395324664284,-36.729029953993,0.09724366404625012
97.20287034917935,77.27250088256102,0.11236927329457702
264.66984796413414,-42.13698707937762,0.08030725488175314
346.38787624227774,59.06639037900507,0.12122311203883634
89.55113166718489,87.31956228068375,0.1023471438541945
207.4166403904213,51.011396192665046,0.09675484032556411
213.13509525786205,3.4181856695577153,0.1066426917062011
206.01068608471442,-78.10663250669906,0.10327595609694906
80.30938775062259,-4.9655179492068555,0.09483705315298929
342.9896441461146,-11.113929545093356,0.0962093399193759
160.96513630234585,-53.496712586340855,0.08696706179701072
304.707122089606,-13.754225391425194,0.10984586126288955
251.81253911430156,-25.60358086553903,0.09202009285883259
107.07730230784811,-60.536832992703275,0.08565612366351577
292.9672150928918,-10.552654200152489,0.10248795283980307
142.74206670491446,-42.69600786159197,0.1199371192411833
317.1971509600182,3.9712357228075916,0.09927483064330271
209.25823414890914,-83.67118925108505,0.09087848114572465
317.424730267747,73.12165556171115,0.10605844031253961
249.3113724279957,56.9455749935741,0.12905068693603827
261.09154073507057,9.464639851890823,0.0782214170585238
180.47677749361281,63.32554489630377,0.10573304181677941
344.1901085003606,83.23111328594408,0.10307629937847781
231.83647172266947,-70.1059870705211,0.11742300705338676
152.5878174809447,23.549725513764685,0.11486363760527268
218.30155708605275,89.63892016841854,0.09719936332285331
6.909551391360069,87.8200504800347,0.07473224116862676
108.56693400283775,18.598138612334026,0.1120984565184439
237.66247349736662,-66.956243318853,0.08747210964712776
104.42793859575987,14.974709578295077,0.08579889383564217
222.48555443958296,-89.6283655966041,0.1172252587103669
154.35673234047582,-54.19595975996527,0.08633724433542021
48.770663120082084,82.1021687207928,0.12104267110150366
107.38163734417108,-30.520696931488104,0.1050376708210797
205.18736785245537,24.910219039850745,0.10478677600129424
212.71419404934235,-39.44529096619632,0.10460897170758388
206.75708958584838,80.6079396800861,0.07542364561387313
235.1522951485681,41.14057139090761,0.07335417075480137
234.757177200608,-30.662791635345727,0.10323329580683027
155.31063675623062,52.517055812466765,0.1085201103883963
322.75677450638267,-70.53020559425923,0.10123916548234302
132.32227321724275,-19.3825907882173,0.08767698224470709
156.91137309562566,-50.18073700831338,0.10028383155823292
321.092407805642,33.07076050968833,0.09876948770281774
290.22983605659084,-71.55966928105254,0.08564262852586885
253.39989007453187,-18.535350189118674,0.11520958231168242
36.0816794324284,-40.20304856234587,0.07404585907674872
331.0137409480825,1.1417254782847408,0.1088311361021126
257.1268678376801,-27.01841750930179,0.10576485107816869
359.5849223644319,37.15390398006198,0.11514567782217572
53.80138967687775,-85.57613562474612,0.08492032191476713
312.52538065255715,24.117645835063357,0.10152110720002316
58.497456483494936,-48.497167855112394,0.1325674742397725
221.6014431421839,-41.63237482376712,0.1099311143349956
44.57519382579895,54.04600864503425,0.10150871813093446
305.2829625560044,82.00231091647575,0.10808741911171295
290.63482514100383,-33.02096219512441,0.10129265263570181
204.8762659012536,58.82494866643361,0.13286347019859762
146.58598700135988,-71.28164916517804,0.11475454293683769
24.900118363849696,24.116697541328975,0.09871577568654255
251.07435833204292,45.18581391628538,0.10378497147076782
163.27536576410478,-61.92397295379782,0.09413803005878481
259.94001580932525,-13.319570219479104,0.11814775189615458
311.8976373343065,70.68728956481667,0.07890842842913484
351.1877418010389,-71.35587657929301,0.07592892205208521
308.08920326133995,-86.74265552373447,0.1218807212451399
4.21707030660071,16.30536822862807,0.13229679688855875
129.592103212211,-11.60432270443198,0.10702457361534388
262.7966024726609,53.76406479910247,0.10169106911853606
61.78668381411859,76.22199687673918,0.10985901535457167
187.57317823348654,-36.1523439821131,0.09029419710425862
19.561675802131305,-20.087258909561044,0.1025686531772832
71.99874896270403,-2.471024460723328,0.10058363058784323
6.66784600582103,15.86726287835387,0.10939846376118041
285.7311732086714,87.09368934269102,0.07663002207724906
80.61288770173685,35.51944514940928,0.09239447845351995
124.32660505088496,-19.88126867779762,0.11267493404501257
334.1092656476127,-42.52181643891682,0.08986609258554906
253.5891846924718,80.03262931598232,0.08509957936865298
11.462014631270826,-65.60128204046885,0.13063108224740433
59.289896339248585,39.647853450856445,0.100571770002691
223.73222453991488,76.57110455263933,0.09131622790085189
207.80229189750034,29.639805576198953,0.07461444343788838
85.64141569482311,-13.850200770098198,0.11094019519420639
336.3170392529258,-54.18163081341288,0.11048704230578041
221.02774414772256,-23.8544419946531,0.09551860599145097
192.827809088985,37.23692569562198,0.08346654713639365
212.36759148764554,26.91616035155343,0.09963175864536432
262.8439306260371,77.03570998770442,0.08746215898777568
112.30019837265667,66.03496445868748,0.08586859616690326
143.35958239779308,56.9071354079463,0.0984518087280744
75.54374963104397,74.06115756313721,0.08422914402009904
67.02948211692102,-40.25931250733111,0.1036997343287867
339.9740603942161,-23.48576277486309,0.10911988764109597
266.2382862177435,-21.619097318516864,0.08740551329240213
176.56517110232414,10.881105967760448,0.07947632356992415
81.86926607039636,30.279281317698775,0.12341919398433711
91.56833343734147,-38.39099705272902,0.08589594646064193
20.89049771659522,-86.49675588432594,0.09010085942346494
156.3899852009235,-18.139970941576323,0.10319525751144831
112.24651751787692,-34.464967280207915,0.10899054058783446
250.6836559735654,79.59324942324861,0.09615524659465537
135.99066214529313,69.88770729792785,0.10691191491551884
64.65732392146853,64.85592210181551,0.09398520763155399
8.884342220879242,27.53995697014375,0.08543244002763414
24.20986732676949,-28.027950354191,0.12139475291180542
244.58139845948423,8.792868131874854,0.13732662421496694
163.33086404017632,56.740507328947075,0.12543954299521254
193.16851599914,-72.25013362989401,0.10212709958730182
322.80166549452315,54.19347844595484,0.1275015304272352
356.52202106281356,-82.5876375609381,0.10533555273585977
78.08291438345061,56.95578561858403,0.09284070594395157
238.70815311603627,55.36148474877723,0.10699569361572969
94.79605562537424,-80.81868441082395,0.09858411240383223
7.434359807662325,22.888928063134486,0.08525322724381439
273.01631538101094,0.44155337632149383,0.08652517042851976
115.20617429608842,-59.43248942909136,0.11203077608110774
138.04700190188328,-63.29179121807238,0.07230202027502991
211.79416087929806,49.18664269206417,0.10906205110664027
299.17744388502854,12.184694790631937,0.07555624595877343
226.43346369281355,86.93984428497583,0.06818235332646347
314.1542359610623,86.80459991190193,0.07241730094362253
98.47513253362888,88.68005882356795,0.1295014595790211
287.29686020852296,-68.64920669416213,0.09705649052584688
66.8289399501428,78.8861046535132,0.10129874770248129
343.0049965099,-45.9774703762987,0.12128882568866428
247.4957794996135,-7.521793243449835,0.11401269622749588
77.58276376088104,46.33318004791067,0.07912742095893671
341.0534125760127,-53.34823222609825,0.11303509514228142
263.1080904372568,11.936088999779386,0.1027627189705532
91.4189913342093,-56.552985319320776,0.0948748285360618
76.79231185229351,-71.1475007973672,0.10036436371206671
186.55225701503878,-69.01944976267227,0.11919718030942034
9.238578499631366,-25.624973727320622,0.08671050276938572
74.68922715879938,-89.16212936930697,0.10601328518656182
152.88676875054225,-13.526294183695882,0.09985514145200639
134.7011929203212,29.555478914606823,0.07304253076906572
166.88715277133184,-17.696126699282033,0.08796620242403784
99.94633426610349,-74.55697190642968,0.10289820329850545
211.24236472494076,-78.7160048357447,0.11946013133639337
310.9880181323633,-39.93902770232489,0.11501996526020095
42.31146814633191,-59.52371570215186,0.10895818756605138
186.2564785754811,83.71709517923449,0.08777086508295312
47.54451828425519,-62.7785595046647,0.12701820986212803
258.06948522933374,54.983238732899395,0.10322860701459417
142.58149301062573,15.499429513406056,0.08490451717482175
203.55167226906323,12.47164559717298,0.09725642528714575
65.9807410370683,2.1745288662812214,0.11344372638034239
52.1451933636158,84.9173537005112,0.10011426247477238
175.70026103362363,-24.507940483505195,0.11330297029874142
128.020585625984,51.824835171697714,0.11655540936193226
338.5555002910127,9.952939344052737,0.1060079602689806
275.5170913705075,-18.78593982736929,0.0871344606542966
269.51890314619703,81.98386799504055,0.10203181994784971
325.33910630853603,17.696874485643676,0.10067748783908247
30.032076759126678,-68.59495041371756,0.12789019500777443
198.78928917206636,-14.842943820565807,0.07560517093259755
210.4113848240768,50.68471098268938,0.0979776632335847
346.2970962770024,34.87446418305848,0.09123859679807622
105.17310964531758,74.94125937058337,0.10502658430293998
86.69836076956085,-43.31207085452636,0.06343653461200967
36.10581921557922,46.47486894368828,0.1167238683923542
5.9146666529307135,-7.222462668986239,0.10020622731003301
334.6305540451886,13.249754454026785,0.07232948254557932
241.16995677272763,81.90840258113093,0.09458330297890201
282.6550483283296,86.27153759805194,0.10913443512481787
101.42283807142167,65.08637350660143,0.07612828186812953
211.1076598270776,-25.362524208546674,0.10004833324664734
23.023895803553206,69.78615043091756,0.08413789528297705
174.82593453646425,24.949651975454344,0.09166022452181549
351.89825030800085,-12.600579515271647,0.10040107574011956
315.54188831397266,-83.56631714991293,0.10275175380372364
121.73722266126443,48.6230623544848,0.0929388625272591
346.16525563493946,0.3790045303403531,0.10409194584295396
83.41258552963363,51.51392990371093,0.1122696641088221
341.75477606964535,44.64410388178857,0.09581628587345141
338.8959736943395,52.84212624870335,0.12147351636173936
287.71293144686103,-35.88279143458197,0.1219332125617063
226.9612572720448,54.143747832173574,0.09356946901621258
314.7436679849809,8.792339123910125,0.09043239165289624
105.48730242280682,-4.80128391915423,0.0750374052225074
305.61967991265055,31.52266448773625,0.09810146002540916
222.43560909030856,-86.15543707109731,0.09454843329825924
4.765268793203816,-71.58297314023304,0.11168576830199488
125.00406645559904,-37.40807426984604,0.07735507590897553
53.330709941339414,86.93821979241113,0.09583912912385335
353.45858033457114,-64.8457598043081,0.11453116589666719
172.2133105343957,-30.49266586334214,0.08904464356663061
179.06089157951857,-80.81044835545376,0.08856457694908587
230.2101059035405,-30.371601547309268,0.07829589497866288
132.6904582066623,-32.34126842805031,0.1393086076902736
49.284097806815616,80.42529077001399,0.08878790232901931
295.9623839499284,62.12773565922967,0.08049479751672492
68.34524828499286,-21.10244053630113,0.08794224393952721
184.07483371672416,-85.54156955293524,0.08838557379269794
80.75413043090613,59.58560051916808,0.0959591533232314
35.22401441785226,28.896511886017223,0.11238058348131273
310.388946271806,-62.57439294276425,0.0955251524650625
350.2510160483269,89.29282878183369,0.08615765027504758
345.90047690268005,-71.95798126365784,0.07822992252713462
326.35997971962445,66.08061748685932,0.10032786037329808
278.65703977151,-37.032090456655986,0.10063808611044686
119.93225473031109,-11.636376061471736,0.12296398526543237
29.196500395678836,53.182174819736645,0.10138671603204713
146.60682170897064,31.951504078921843,0.09851487533073884
83.60429118153938,78.81558739992704,0.08424019245118766
47.69554851287387,21.805258582868987,0.09541071137352412
19.233785443257094,-72.39417093377051,0.09342288312948091
261.21397111580836,69.18486538355106,0.09444753753229447
4.11388510501117,48.44799449794638,0.08561116911039118
277.40906946099943,38.13668116079796,0.10807494404914265
52.90079234413502,-80.32796147632763,0.09786331873735947
28.62794973123207,-18.679905960886074,0.0969946977999252
32.257092325897936,-59.86155249728294,0.07428930825926507
241.9372106474092,57.942703513416404,0.10740466131287296
88.33219554702411,36.0951521072153,0.1073052298897057
151.39420800483543,68.95396751744434,0.0874130589573668
200.6527648766101,83.98351924634952,0.11485182075818791
309.7984225783658,49.454570554649735,0.07952862654876353
261.7359345760782,88.96195497973719,0.09967195136816381
97.31804588593727,20.65857950597379,0.09593188990164755
47.33380774480594,-83.3166712995394,0.08024237816791309
19.93475535163126,-87.43472727294674,0.10284553918119994
108.57550841313929,-28.421302463318035,0.12553855228362687
94.36253372628417,58.22490943215669,0.1010145134510038
164.21060404817268,65.90424713845158,0.09305467368836425
245.98128079716497,82.946255188082,0.10670536235328518
250.42516042998858,-78.27813566121269,0.10158579993200732
102.06678476958,-81.97720002222047,0.10041643197438253
136.77370412404338,74.39104734606607,0.09361686680842829
65.2143462252851,-35.09159429468492,0.12132963338938697
283.8763844303467,10.437732109733886,0.10684545045221179
20.465307515966508,86.84007894012777,0.09206994011596768
250.91900702099545,-17.919263747533805,0.09837994244828564
280.3303425387972,29.856851695771184,0.08888699943693892
279.8667222655511,-17.841678546242647,0.09087563274877758
93.39212316432777,48.27503960330034,0.09038911413714702
134.57272965572213,4.988650603115843,0.08298532609416659
211.53586867070004,-47.24583516245705,0.11165915445651933
98.21588487280813,-41.16490177347608,0.09563437805090462
133.50700771843995,-43.54934174308669,0.10831191367490155
70.93954086683027,5.817659086540942,0.08994811153409056
165.54811815216266,36.57402288281958,0.09909456258411492
16.06042845148107,80.87038200776558,0.08933439104813334
287.92651844542246,34.93572751493639,0.11079502255805998
27.704320915187783,50.61471191323031,0.09627371039942444
186.78065357934938,-59.593299144378186,0.08903689621072922
110.4516358362706,-22.668727498681378,0.07537445156785325
207.91546157929517,-15.519560425512111,0.10413499824011162
345.396002700033,33.54844140008514,0.0893742242149284
232.40528800416138,-36.739444252162755,0.09976331174318508
12.73047687197673,-35.407454144460104,0.0926240483797971
154.94487822290205,-25.939952164643742,0.11431284371348148
183.60606683457007,55.854374677781806,0.10816217128537012
193.0238980932427,13.966216207802773,0.10670818131182248
245.30130381738164,-76.4500896301078,0.09075818315014782
99.93459518343579,-75.91570205571561,0.10699435065325284
46.38980356787527,-23.16835002915012,0.12572247413014065
141.36324355695396,47.9863891091085,0.08751720948774908
344.3060602065416,33.9630167661625,0.10258508708843783
67.3671210303041,37.436823837213595,0.07526174538374303
325.43422377416533,48.09781188973744,0.12097843138188304
195.7701420278375,-38.312511680460716,0.09403131852113739
164.4881117924757,8.686130749575838,0.11173868321262967
317.53490768276026,7.803475257018519,0.07415157623925517
165.09742623669092,43.13385021239088,0.12696309080688858
260.70034918015557,82.23670243901634,0.09464692707961603
143.64911581311674,-39.96180993681614,0.10818485985205042
325.4559814443448,52.79070109626866,0.1022622730949889
248.40900726884186,28.794698734187236,0.09616793820718346
251.86393953018603,14.442816755422825,0.12528688453988956
117.97934456056281,49.47836028253235,0.0752793069045073
272.4403113852801,79.92584395705788,0.10448070489988014
228.98197996097088,-83.39554478350566,0.11365968508344956
86.40729841669544,-63.46798154762028,0.09955215817545451
57.79397609469231,46.13170167020084,0.09822743823450113
286.7009308262394,-74.91755647618479,0.09785968431889804
345.2999770926801,2.9022661333967505,0.08158545369384389
164.92997781361544,-50.42506020451074,0.10057191076142402
212.75429951652657,-40.626773308304735,0.10769076285208598
308.78015190967966,36.33128692999493,0.10102898841220992
164.60044320738854,-84.56530081163191,0.0959158584828238
342.674811659785,67.19749702234265,0.0926541246644046
207.27041833615408,-9.993788036591397,0.09581054996082443
295.4761634524734,0.43079290327818853,0.11886616326244058
327.1837386285858,7.208633464864548,0.06870047530869186
293.5885747566848,26.197973024308908,0.10060107184821664
57.38920684162414,-27.925814407905342,0.09508367624055375
226.40343806221213,-71.80065169857156,0.12183711927755266
143.43633310308374,-32.69179140008822,0.10083238338165705
22.576662728404454,-59.73441875589235,0.12227388398049932
152.6516106803431,10.103972301085307,0.06814164972931662
93.12626408018677,-32.75484642713044,0.10689377357251084
305.65379103426386,82.45209203881828,0.10420086790056521
11.989665556810628,83.83217003645052,0.12085800950610907
345.23377987085047,21.62265850228347,0.07537977086765457
127.93278544989467,21.149508180111468,0.09767446287822512
128.41448054491545,87.36814162207907,0.1009909039267974
5.878260966134841,69.71096722233347,0.09256306758182187
66.68363708502622,47.7125908484652,0.11824866570614412
144.45342028929915,-33.553689886313784,0.09491976721831905
334.544910228977,-24.20297493874625,0.1305214381603173
35.861374879657674,-53.77198216304422,0.11581266863408385
340.30855205246866,-2.3133371548725705,0.114262505455057
313.0158709967876,88.26633398512433,0.10838948472086327
163.49846288671864,74.18717154208599,0.08404456613461679
117.61231743657362,-68.69710187649557,0.09353355493733864
83.78788654046046,-85.46574792770889,0.10859127050285824
221.20729433167477,71.75478031348791,0.11016335550381576
11.906852931182023,6.690623030767341,0.11960775767621887
5.618183200858158,-53.965820122477886,0.09298838485561141
154.3664600993656,31.257588525234354,0.08709769922613006
24.506666630899275,25.96017202736759,0.11288656289178296
90.69875576859344,-68.0245907694359,0.08785560135939832
79.61792952459018,-43.27195797042849,0.11309967754105618
91.14882974022669,-79.18596642361356,0.11799604264622557
47.17988323749279,-52.22511470337445,0.10684229553740583
4.333040243155537,-66.18497852644867,0.09463631452047104
41.57434696994931,-55.2174673545799,0.1006162333921582
222.65289342458922,33.38408626436106,0.1089019887940486
350.7322366144981,-81.09004603300781,0.10015278278068111
356.5242005619218,-71.66616925532104,0.1329744450800574
147.25947433430218,-65.84874514590823,0.08513993604059276
58.66359337677793,-33.02259822753587,0.08495997118945314
229.95423265195055,-36.224944046650634,0.08534656919897013
176.50992475754538,-44.0885186430049,0.09115630116182177
356.1875198223953,45.09659761783493,0.06731602719707637
23.509514574640875,89.6441017964581,0.09055524359589728
281.9643977929727,6.11602625318325,0.09020072947108167
103.8234590393378,79.95648922450957,0.10117771037761265
86.91070322756664,-18.610179817308364,0.10626700874809122
238.50164575176333,-70.79715957551159,0.08139675495388346
88.58274659674721,-16.42071069542928,0.11350081364146108
239.70928232130757,-36.6970007853552,0.12703363344685822
186.23106619282396,-1.1867467879479392,0.09687572345357506
152.67203583690574,28.267861844956172,0.12361556856213357
199.68761111811082,-7.01096055256653,0.10298484241607782
103.33854717106671,78.32889217400862,0.12983097877893088
254.3668942582724,69.25766801388838,0.11675925198532286
149.34847296008306,36.3559671299155,0.07654143047740351
129.7964017749212,-1.8567157743811578,0.10027941055992033
298.3164892400656,-66.29628927339776,0.11581487462356117
332.9880883031492,-18.537539980025997,0.10045819871560926
16.56263191942689,36.792277092211265,0.09944674703732401
83.74571741871559,-38.72060630032839,0.11904647125471457
125.46697301732277,-71.28214604218432,0.08935218726780844
293.38793257328905,73.42172235191308,0.10026273419917328
354.7769139515871,37.62914576679802,0.10485438646913678
348.82981368132664,20.74975679431749,0.09499313559469655
325.7814043979737,52.649803009604994,0.09969806344183695
106.76025542305075,60.41628676502563,0.11162534894836255
357.1240476292107,-2.977380329215805,0.10649256432249991
89.79121478032243,68.61388525369921,0.087869237020307
38.126215757603596,74.95542192619897,0.08343814021301107
342.3429399799419,-41.12080282353935,0.08816346729615025
84.03129196851467,19.358164762342966,0.1000187268368273
248.31657542799016,4.785125187684457,0.09760090318364437
21.00828923301192,6.830240247342445,0.08752063760174314
263.05527568589144,78.77935691362117,0.09102774321225272
317.4192764401823,-35.06603351525478,0.07719941072211906
98.0772823677465,87.01811608222371,0.10626780554825989
136.46048258787428,72.38361866476177,0.0993997191197255
134.7466259955298,-7.429880049569533,0.08110318984892095
269.5637727144479,57.14158745126991,0.10042930756281675
85.61060731405398,48.4284589776253,0.12013933015765531
61.86711565715149,32.02109453133383,0.08890096220552111
161.7449935275857,-32.42989991103223,0.11972706498581459
109.60862665583502,-54.638821472228294,0.09514813791274865
302.1080840131149,30.87498541783647,0.10296742251774803
85.58705736562996,61.735193352195154,0.10146626203633279
180.86020469613413,-87.07449803807346,0.1210228512400787
339.3300958912549,25.704607555532164,0.10237650770178298
228.23917118807788,-10.282855568001764,0.08287147871194231
312.2241859664873,71.65579592285704,0.08033544444338182
338.47548816771626,-32.13487244624305,0.07700618419854809
270.2753502790867,-4.6467337925480905,0.07432044753858669
251.8470216809105,2.6580787263335424,0.10069202588433528
348.4676039775217,-64.72088615321047,0.08562438279660159
357.9842842731646,38.320614485803134,0.09878782580584389
162.65580576111347,59.48574212177272,0.0894421144601433
25.51312014631501,-79.57633015867316,0.08843823548940152
105.40585131858678,-37.550012303357505,0.09278731988690907
54.84769404758297,-83.15195732368957,0.11055378331965084
150.29509492656425,82.17793884388362,0.11393717721653038
47.26415825037217,30.090387726688235,0.10556758828973559
217.4824094475175,83.55607550186068,0.08515266175679322
137.81090129682747,5.668970099635402,0.10965446913180008
322.3389183437556,54.372334301210515,0.11033344999911898
348.40608184746065,-22.605482901646795,0.10411970805418667
196.87856460099198,-26.31257413692464,0.09094569345971365
98.93648515233477,-21.911792921076113,0.11063289363050711
213.20295075426125,28.41518407075708,0.10634227862014993
322.83401696078755,-25.298432816102604,0.053247151126013116
146.4240045008694,72.0661412887606,0.10966678050116564
198.7481796091095,86.98947570902794,0.0712938599370774
97.79499633821251,-84.52322723933894,0.10995342364887073
163.9598938020097,-55.147807727550635,0.09768891402362748
144.61687273665552,-69.79500133427052,0.11790417521123797
89.42884742986956,-82.37447152354021,0.09852758183191104
182.11189817711102,-49.006621197488435,0.08670078609915832
111.7370973527321,-9.577202333565396,0.09778969503125735
134.2925509970691,60.658265751963086,0.11589709442400663
188.98935921153515,-50.0716745082007,0.10039369926792381
270.2142082544355,-1.0898539808037668,0.09828497260191435
120.06268768485911,77.33137310041579,0.11115330273262505
332.6971559834749,30.09864722160148,0.1031553904994472
310.43467686092487,53.65422355607956,0.09991108891250153
17.528506551190276,9.178914633387521,0.12049090102604998
91.3113087324562,86.4839625913134,0.12332671048088602
160.6087845573127,15.959187842665358,0.10919989339493053
37.66603994729067,-81.80807148673352,0.09571061272772241
125.45135605205896,-54.36309601083693,0.12245366490281241
266.4351092223657,-17.14074678771337,0.11774679335997561
244.98521321141732,18.229891063279737,0.11078345748292438
224.05839428376174,48.94755613361278,0.08175885128881209
255.79022498004443,-15.644497337300464,0.10211007854961943
73.77252730549263,37.81049490282396,0.08884491737948691
123.01132135130356,52.17651055964248,0.09761481622668461
243.44729361988664,-32.8931644950031,0.10360085393945079
316.5245146912778,86.26864320644734,0.10150239112135936
195.72409937811426,26.938169142450406,0.09287237341256128
101.77187434039318,68.57965094150362,0.11909430623379866
10.884692882153733,10.068783985549203,0.07455803099752686
255.7212584307168,43.48855928741827,0.11095275296694422
2.8382772630385356,48.69793109094576,0.07213775092608193
134.1644651355584,73.48470826222422,0.10573897205085195
190.99339724260145,-62.93704376315334,0.08669643510574188
331.9601262361895,10.491016350464719,0.11317455636598796
32.21803621184404,-12.891867640945875,0.10129678786011391
146.13923590858215,76.16862381127325,0.10371559567700236
8.752751895656798,-71.08295503518015,0.08472581011649724
123.33995436297252,86.8632999625643,0.09018144797503624
224.00318118232616,67.58123833679332,0.1031082609011643
100.46446136229541,-76.71126931843526,0.10875354890363956
75.50998187602863,-1.6260506027145993,0.1439364436264579
41.653163997753715,39.16071003825465,0.1033428748465523
207.77048784732304,42.86727822439016,0.1146405628805339
250.29720212568697,73.16894254282576,0.0766459910123611
241.90457061449604,53.97577840481597,0.08005162207998906
341.58996745938265,-34.03253153806389,0.09466757838087322
0.9731570016609714,-0.28173854475856785,0.08203858456542151
232.99079540185298,36.321437328453726,0.12229598880199577
216.14120535515025,-65.08136855441674,0.09384671960829508
211.94625958930374,-55.08165643196448,0.12073272832589708
346.5973151424873,-3.4123593402229346,0.12230173711128448
6.073802413214291,-36.31575623300771,0.10064169579825351
250.73367505252205,65.26066496113708,0.10752699630711458
292.92431389267085,15.529917873711227,0.09915850789988646
183.5305907837703,-27.24026441069382,0.10807655500531808
120.22735305485129,62.7899446087938,0.10725012777670859
284.7024587618658,54.878120739763006,0.09814525561161955
35.007453227672876,89.7038778778685,0.10757454972194261
159.1328295827731,62.515383900072266,0.12585544413500893
187.18285484550177,-15.397823734977663,0.11069524344566407
249.8243079364371,-67.05020128140208,0.10488699420460938
32.71886353166741,61.31536347608602,0.1018715428156482
81.99342055362995,-79.24357476712908,0.08480990314347114
147.70856256844522,-26.951182677926248,0.08459054684386808
224.38608228724704,75.55283653882927,0.10485034797220388
319.3058812382703,82.93796522011812,0.07945913313929265
222.77742056689553,25.301626833819313,0.08850508601554626
48.046129536576395,33.95669705706844,0.119222670105462
353.00884780342165,-82.35819202940596,0.1287134454559422
313.84286451197744,2.6064613961186183,0.07501065884803423
180.97947401231664,8.43627218514142,0.12439974343452373
332.04527344678786,-28.781865697659995,0.09682842563731665
194.89708575256887,-77.65256974430082,0.09977492369452953
332.3901844400987,-48.79663204960908,0.098298825540359
298.76305269720353,-25.562891364984665,0.11620816190538232
348.58310770594704,-11.674442427060669,0.07588485131435235
331.121811880137,16.366810596042455,0.106842454170327
12.972174274285013,40.03047336568255,0.08582694703917984
62.91792149793839,-32.82626281068969,0.10856182794072361
140.08848375642688,-30.788323214583038,0.12314194507439578
342.77137102635146,-86.45550430973333,0.09999374010381071
108.01041101133465,-82.6425251830767,0.10561232628956205
57.768351799536376,-43.59209502446345,0.10614327667356538
319.06967979116155,43.24409958149221,0.08800609750494265
160.70198957395306,23.096489467304195,0.12267459024826478
326.83521396755737,48.56202372201025,0.12559702370891485
57.68296787525158,48.40549851866791,0.11052675058175544
238.00230414291582,64.18214418047424,0.10109928148011468
158.49495101861706,39.65746787763905,0.09307159276968574
27.53523685090274,86.22196542014811,0.09060264665276369
250.7267320749002,71.78853947432714,0.12566254873819985
89.06355199409533,15.609089920182157,0.12121622564093536
14.261588128626382,15.868380688410909,0.09904507766815676
21.579947369846373,-83.83193273659869,0.07630104205493315
21.988273344043442,89.73478398750376,0.0575198219513652
326.7838646946142,-66.31632047409448,0.08374860009603581
266.35821041847635,43.26249539368655,0.09804069406007321
323.3024485969446,57.782735122375584,0.12101033551664503
242.1296320667477,-22.850184725063414,0.0902251568641333
190.41837445111793,-54.56663016024353,0.10757223184510753
109.60069116505618,-72.2232203777001,0.11954771442472649
359.2664104783224,44.74908104932402,0.10192804475284073
130.38806121818016,-8.522364742974773,0.09786328196816739
169.43362171700744,38.46919662020443,0.08036854728642089
136.16826297244623,74.7733767933241,0.0819628703769335
352.6296945607651,-63.6149274928098,0.10624149451623735
62.87701874220208,75.45078013028393,0.0969863870019861
118.07568032690868,-15.907237288481397,0.10183796976479953
244.92551976540057,-35.05193821848797,0.0992908342645563
22.754742601907033,79.75120690850022,0.10996216074037976
218.60977464415475,88.3173046691519,0.08822968882855833
171.9527410355098,-54.19940080185933,0.09496629034625251
102.23999163435639,28.230902451356997,0.12844273342949716
85.82878113266088,-70.83084352120913,0.08800320792421344
185.22458758755243,27.16452069435104,0.09577636853799848
132.45392899333487,58.916380999652944,0.09115919947032147
164.34716085455594,33.209738374332176,0.10667172043610876
121.49185743512636,-14.88003442873277,0.11533588483663104
349.37772969455193,-21.048055278521474,0.09252682572120836
48.038195428417445,-19.23796525978493,0.09352878488342972
34.84942314421471,16.148127238726175,0.09581527592045455
123.62102236472978,68.6821086130492,0.10794750675212438
212.76968431337684,77.23190830837822,0.08890907046234707
237.30352986601017,-80.36466836268274,0.09436060051043112
143.01242898049514,-57.307968963776105,0.06441709192730477
359.7400778119816,-69.79962315090808,0.07927382485757523
126.68147862949533,-55.199764661955484,0.09831334365971069
259.7064004655829,-27.610594090349082,0.11346796259804683
229.52977003108543,1.1757028720722928,0.10442613674952794
292.6993907690858,23.303020861647397,0.08351847314999052
351.4412388433752,41.78559944514626,0.07899615687808087
320.32571632039446,70.22007744944528,0.10262020139347254
275.2423107687751,88.03591870136233,0.07520794536620735
251.3694520145846,29.31416614028157,0.11598890228075334
120.77934108332387,62.16561336019734,0.10095844287475268
53.166808154414646,50.04699244644581,0.07589019761148913
22.548961101531514,-34.644232940631845,0.08551069211737196
87.08461351253453,67.62460864228615,0.08913533021153316
155.6213332252675,-82.30263516939621,0.08840211234664842
187.9186585067937,-89.93387812473759,0.07765100487667762
278.3100794597538,-40.728126710076445,0.08688006217016733
345.14673230037346,-6.822444667059017,0.08973397665789361
42.23537293853197,24.905321100121924,0.08933071366584343
38.52149046976496,-71.68135202198194,0.11691934937400071
212.29010028487826,31.1418240902712,0.10157241704240823
268.3433066210255,54.32685607074501,0.08510114173843672
305.33413692491456,-56.64367447571398,0.09498067591068818
336.8995488780439,-15.277454130277107,0.08680664354032924
354.03344721383115,3.5972981915957547,0.09549990011482365
143.92860920082933,-8.674736744793478,0.11313263729712075
136.9206660699263,53.96938755992471,0.10378406170918189
53.21112361101805,82.89403166147954,0.134284017722921
246.5763979260814,53.81156952147239,0.10563891138651221
236.43430503870135,-75.96129278235158,0.0862960823503434
310.3425345064346,54.888402988642895,0.11214611096221672
35.01287812355063,-78.0126601976008,0.11619896825713805
179.19968681712305,-47.525330656517404,0.11641250487165916
209.1894946819427,-62.4425585695699,0.08358638570447363
86.96053441437063,-54.446560767704625,0.09778543878227744
60.84914620649806,5.096722870323106,0.1169771793524268
309.4491011110637,30.90417436995365,0.07472906561689088
21.072572004801163,-5.342169179512624,0.09250874858466943
169.42352541050624,82.74521502526386,0.07859593471859513
41.700240468318704,-46.74738239457,0.0860114465515448
164.54115407929226,47.36524144586272,0.08481314270884291
352.78643748323134,66.63279213128672,0.11875854748815153
152.5342872439702,11.171899935849439,0.09648192947636874
308.5649703016442,-7.879949646920437,0.08704966627987326
42.2336031059498,17.313200420263854,0.08446591402923259
97.65074763427108,-12.814241371138266,0.10212500747307296
145.36538664024042,9.934898818206491,0.09983296558989
143.93237040335907,-14.951888616815722,0.12016111562010141
241.69805232125512,-17.915452147055873,0.10750025043785955
124.09852585518276,35.16236426511537,0.07852303332902444
256.95607262760586,-73.28678164776576,0.09056528938613098
230.1072837211413,-60.02242690881225,0.11605108768106466
143.6980122917183,63.21572490870071,0.09068375953447935
155.43364595555494,48.79392242673384,0.12601858262385565
221.22997193171545,-39.33832908700912,0.0835256585301288
25.21518845207207,-22.091592120163156,0.10858920029561187
296.0664258080485,76.6847711931265,0.08708176669902039
235.2316180009093,57.25390053129502,0.09235607300580465
261.4832871904207,20.58233399633356,0.11647872472346721
193.29228038966056,-50.131767815467605,0.09809399255742225
39.7717599570281,-82.03464516325147,0.11220178367671162
145.81282078690197,-12.373587568458333,0.107099358923722
145.93448982548017,31.072885066343133,0.11130798525343452
115.57547641555809,59.12648829321327,0.08667717683371731
10.782116965709768,63.484021033608485,0.09667638402694
265.41152733473183,-84.10033776719459,0.10636378927151306
39.522404902500256,-46.051733909361715,0.0872639069095951
218.27092789623066,-28.962974074067454,0.12444250064848493
253.15829872819768,-56.02820202731054,0.08834157936767299
228.5230762561301,54.535568105490796,0.09549994634593308
345.291210712071,48.14383735528966,0.08490161402808644
37.1873358306499,3.0299472685747446,0.06785037902141969
312.1801772778717,86.926766039254,0.12695377783862394
10.508484545608772,-64.06946260364839,0.0969349159464543
192.57006777375022,71.9373065989804,0.0932812774237669
145.52770245813315,-69.0366142508551,0.09701927407493803
188.70618974175295,-60.62729300745828,0.12129795958294654
131.43595574160352,35.31945604511138,0.08552340087903375
68.6040893784245,-70.27745543249593,0.11019351798647624
6.884243081528321,11.852117175367951,0.09364317627175786
186.53393296482275,-14.357963434922354,0.09104993716692536
303.39967056654325,41.12531379738266,0.10850587318780275
134.3577440681259,72.12154298559571,0.11482360860614046
80.23097448539288,48.57687264042997,0.09229145574580128
28.99152124986387,62.94417775581391,0.08846726260487786
30.71193232273321,-84.06981926437817,0.0824635637901696
79.702720665398,-34.164810316043436,0.11655255650092564
36.00506193175987,2.777955603539823,0.09137116007790824
95.41429141121354,-15.128403366639702,0.07226303909086824
23.813806362103698,-48.37410846365608,0.1211492820759422
23.61775219557323,-34.58266236719581,0.07945210747070587
308.2594246642015,80.17757467048904,0.11169190796888592
58.36329385517996,-37.04744162315672,0.10275142970001287
201.48566609644126,-26.29726016763857,0.10431873148322918
278.443996001651,-89.33224072499664,0.09123437087033018
164.30744352206398,62.113972910017424,0.10548387190336955
55.21279602936446,-62.128673387716205,0.07498330160673644
71.85461116324116,-53.254030407529314,0.1088205662310972
155.87431426122507,-44.05238692343539,0.12335515062298241
190.16427210427287,69.23197023207166,0.1132604079613949
125.79850513747256,-52.83874597566335,0.06970689871919919
281.33265608447806,53.5547449562292,0.08523686496590728
270.3677935883034,55.44888125812281,0.0971830761703779
333.7962506543225,76.86370238155124,0.107304059574099
10.422917649705795,-69.19896355194348,0.09840020989509662
322.44886483567325,-50.88978497919036,0.09260178419334254
141.32476384637437,43.72169257452984,0.10892950461538439
316.21409833679786,-54.71986422946697,0.1174622764933745
248.68251941635063,-38.46068156277917,0.09651558989220105
355.44555254662856,-59.98651557995473,0.11093394801077859
273.3416826180005,-58.91459649209113,0.06131423882215789
131.23606535884318,-3.3203961669229756,0.08593735920836906
180.38274222051075,-70.25704881966746,0.09518111594412987
135.50009586996646,-32.094428676548,0.09267150668868061
131.3682609676457,-13.213096272201781,0.10499197326106682
93.92561977718151,-85.58133902568403,0.11520625821247392
178.54930633444906,-20.100030034598532,0.10760003539042583
245.42638022497002,-73.05796150460695,0.09066661792367417
99.84249766988766,-1.155864393688205,0.07715847864243722
188.7767319877992,58.632873940277335,0.10835446180868331
42.256905901400586,57.3159891927217,0.07242734890494983
57.544303267508866,-75.5192672032679,0.10979555925109644
16.850287696387948,18.22099638141364,0.09717326376804898
349.4633193974278,60.22554875482257,0.08236247518092657
1.3897265436939943,-47.16494227176564,0.1043088596870019
64.28878850075627,47.146772060927844,0.099956858460115
220.63203112211724,70.33758236101679,0.0994510406062563
29.293055587189908,55.10234725927995,0.09873665055208909
317.4827411148596,-70.68581432720919,0.10629286162639212
259.06325682322375,-88.36920008597072,0.11386651032937764
347.90038971764164,-55.48966021406778,0.10744922797725778
182.74879700667535,-41.31407862960782,0.11518199784733466
108.14532593705539,20.912938310872704,0.09933790421728292
197.8202062062977,-20.83082845638269,0.12427688986347962
335.09473822727034,36.61326551906522,0.10856664733194735
187.4741174070698,-26.446507106110452,0.09184458955475835
96.19453147043471,-62.20342356217195,0.08359157414898394
315.8635641026831,-33.715828172513675,0.1030869520560112
133.89074946448608,69.1783607500443,0.08040217715616099
0.49800599963969017,82.53582196411168,0.08539936048664878
89.16660809723373,-52.64770786787368,0.103586306205604
114.56406330374246,51.92430966439943,0.09088168830577069
309.1598885634848,-40.797227422823276,0.08600025639659617
165.0611401439202,69.68367781765335,0.09948287430867403
160.05142361206828,-60.20178969667401,0.10109016848655686
120.99681590395946,29.872785364930238,0.09691248962171894
317.04412429694867,-74.84197235162715,0.09433679621411067
340.2096396985409,85.3007983152965,0.11281964093068673
357.0805184956666,36.114002035297716,0.10513641026930241
135.62685610595523,61.52683309291535,0.09664860831707957
347.81308042578166,12.000481085346223,0.1369648290027305
285.0766450671245,-4.175754492805169,0.1029074760539262
243.24809315193605,21.93883045098572,0.11698007700515994
88.16021259123579,5.173472105900643,0.09158528495302366
77.92461393991553,-5.510816073872462,0.07955588579187986
59.77721682764844,46.701045262375686,0.08812365226534805
332.1923796811315,-57.92382811093174,0.09597985324902833
105.86759845793979,-59.189031332071465,0.09255087685405725
163.11392836159624,-12.268322883052889,0.12004579273484191
177.82482023540047,-32.26537511190972,0.09819938316855839
280.1417743620915,-76.65758677565566,0.10692203316161711
303.9245861590887,62.00468863537219,0.09930278265950665
50.06617241350061,48.88850520498295,0.09349668500900249
153.68556967598653,7.90586996453726,0.10056994020180272
303.42775962076456,86.27841670758642,0.12571077204656098
294.4919900721018,-76.93198802143104,0.08848077112394778
36.868953042869904,48.00047418501751,0.11150485675839328
56.29800559246669,-42.05332951036257,0.08460989122561327
109.51152897578682,-23.652194410156426,0.09310560336595843
27.129264870002523,-50.52971066344784,0.10005374808931876
152.87868102261345,52.02682046313575,0.10489562634590487
38.742373853849486,-64.03678163611812,0.12224692941960721
204.5583337211442,61.203005592350024,0.09924876037803197
88.7604983320162,29.083976681370103,0.08734576590196111
214.71590352586418,-79.37581585155935,0.10975062959576155
42.30923144530956,55.97671168802762,0.09453745286626367
351.318192630672,22.996028909336303,0.10358022356397753
335.72203338864256,72.89681752410146,0.09825666340693373
141.04689788327968,44.77001515355488,0.07084814723069767
87.18429388539076,11.001766937359463,0.10762448778390961
90.1433566272862,60.57849251145561,0.10875052010231949
174.02167267286114,-39.95095710578002,0.11389907152462908
14.397408684258108,8.45101113202145,0.12700694143690341
230.2938381870457,-37.14897243538617,0.08207344339804787
146.98904700230813,84.27679039629157,0.1077476116642264
135.86636613199943,-49.284665848438856,0.10613942494961434
291.37138973611144,-87.16711685931675,0.09371377010788268
255.2527656659844,-31.34612843931668,0.10595659354674669
343.5601735413691,0.4516914545648376,0.1074947043266795
126.69704657844866,-84.89467183858649,0.08171974255034205
323.11539527378596,10.664694006103318,0.10369334141914649
277.188187050032,67.37089949122142,0.08623023540993077
128.67287457409668,36.85179499500062,0.09022215250104115
223.7995571231728,22.13429813609477,0.07337882777217025
103.8851847546104,82.07311512748524,0.09289958611746282
314.78397014694326,82.49028009157905,0.09694643992789785
40.47383419643205,58.367964546581135,0.10824785300944587
76.47637006585477,19.393532529453182,0.10001349890006661
65.89198514877161,-2.202379290412793,0.07686567773800483
145.0893608655439,-87.60309961563588,0.11293222085326401
268.2838656115665,19.12714312077746,0.09822120064674862
189.68668165878492,88.03585356423366,0.10732555885644486
175.56347647375472,57.25818900432523,0.11448904177689552
0.19654736291843555,-28.69116410081665,0.12133907123453552
153.1446211278197,-62.63153549200403,0.12941840484047523
22.879358941017035,51.130550604087745,0.09891641861992499
74.97117076373418,43.908807713713486,0.1046668666914048
335.66181802577796,84.06842255627816,0.0838245836377483
77.54335356356574,67.47162514908098,0.11592400255052893
309.0015499083345,10.019272549033332,0.08222668833142346
289.0416137620803,-71.76883554634642,0.07292122467054368
57.29264529920742,-2.9698814908871896,0.11245579008010588
218.05630461730038,-33.53489027598294,0.09217455212578278
41.63827388580479,2.233526764471165,0.11166410922013362
262.03973701302414,-35.69371656486243,0.10612111974019253
229.4864198539944,65.12813855560722,0.07554996023464437
292.29788220876696,61.97886251690798,0.05920480953516079
172.5784377801077,-33.216271709929934,0.08355097379360922
329.3507116200178,17.924642347319093,0.10024737230471298
17.765620843838295,-12.567445624970262,0.08167335497957842
105.43988340972528,73.63669626514138,0.09020857825976931
257.4189350874601,-56.2750377432619,0.07811588904104012
150.51931622928032,35.591112321292684,0.10254816939695387
62.262487537616295,84.667559010699,0.10136238890554489
38.59586835427657,-58.45040647864377,0.09277911063928551
294.24208012618374,-53.646042883643425,0.12095597951970614
170.33147224763192,34.87020096100102,0.12246572540979346
317.62212189087865,50.2477064144845,0.10847900803804678
263.98408835402137,-1.701170137092106,0.07300343227799884
147.5014340270677,19.743563726481838,0.08342964779191586
134.4639650960461,-51.71716641387082,0.10610695496624872
185.62980479445062,-4.20943885788131,0.09057163629633116
320.0615831483023,-69.82706144251527,0.09269362852432265
265.42028869710043,-32.144053450380355,0.1134845109188209
1.8550671368483629,-38.73965309442823,0.10766312232838626
249.8968264928852,-9.967435181564397,0.11971231650720923
331.02266648609543,77.42274520386545,0.09356186055030284
255.76407342161696,-57.37182081338837,0.12062838130670346
63.72208136429853,-17.750115607550313,0.09168803129373272
174.06652587388513,20.80749943973605,0.12249237235208145
50.513766452430986,80.38027549332031,0.10158751965425168
129.23830020226754,-66.03332552356173,0.08709235379335589
337.36213509858635,75.21779105876044,0.07553170738519702
332.389910721135,-75.41031804586892,0.09547791527707461
101.82126678338985,-3.4665485111523964,0.09615650953006842
122.2671758998317,-8.173823898513106,0.11286492865183678
216.07663252726582,-52.2715088021048,0.0983411424578769
346.7510262937368,-27.457259739147453,0.09351352032132333
53.20848026354055,-8.250251697288348,0.11615556209421304
92.48999172720087,65.73806332391325,0.09662760158094773
314.4804578246777,81.91154616724077,0.09135637275659646
177.081203415004,3.4066221546897424,0.1086191337593886
323.62599320173143,66.61796225299594,0.092652576717291
66.78644310834346,19.4708854218203,0.1098820321253727
191.76069148968986,-27.164278442218418,0.09104624332325209
117.45706775377406,-55.04504262957557,0.09665561225544432
113.95532156129137,-15.635741079102331,0.102282654633824
160.8757070206317,4.108370926292594,0.09438810519603542
155.90788167645664,-82.00019011327988,0.09979822795963916
128.6448766840636,-63.74859014324687,0.1122320795386009
329.3894773136227,18.0331963166592,0.10615902686980072
263.4279067558414,-49.49971295811083,0.10721454775051936
261.9169168793507,60.71874769463355,0.09046854342071099
104.36884185310394,-31.15039504064569,0.11279244652411552
207.97539275406254,-71.12984269441483,0.11004343510763624
280.50459598866024,-74.96449406004294,0.11506628788392438
286.4125326755567,78.68214369572033,0.08910451251720847
124.03096587155241,-68.75634397646175,0.09741312104977815
277.5141923647132,-64.6362424508292,0.109503008536906
264.9218028507839,65.27989042789554,0.09086777323874304
50.942334823884096,-44.228136550078084,0.09660816295354066
311.7403686839318,29.871253935794897,0.12888708606189292
158.8757292649479,57.01062366538045,0.12927641518401722
175.10776159991957,19.292515223434577,0.1185991082474104
161.41290440327904,82.34793782061288,0.11407877704374653
204.4245605319027,37.59892186695144,0.08471123275742307
223.6209290521397,-69.7047282173415,0.10768843347139184
179.34464367465964,10.513804778258375,0.09461325107401172
312.0438755732744,39.27357469605309,0.08412142153591949
225.98451223030239,54.35230326722012,0.09236491242113021
144.51406174998718,-85.26215964886353,0.10173497611069521
150.00903248713595,39.39820474885639,0.09178966638552001
291.9019014464225,58.62254778350092,0.0917380086143974
125.34909938874723,44.43008596836418,0.11188062247634462
76.12372648166888,2.2228462180076605,0.10216159727684848
21.377947682084123,-7.5562266440154815,0.10350187119493477
315.3696652514067,8.895344993966859,0.10167808595344448
330.676722428526,36.83586578878837,0.08986445284942524
43.24326557885135,76.12457231384738,0.07944142123058968
120.41054693860136,21.0663379154025,0.10465847065630718
63.13394502548779,69.81017513102452,0.09239445051811834
41.723448777316705,36.226232540230924,0.06983826597121184
323.9520274800109,-77.69945206100743,0.09411149113052272
20.475813292327967,0.14907420029192053,0.08361673087989066
352.97483884884247,-38.43245730325638,0.11047975351461634
34.722309851058306,-38.66851293613699,0.1078243784086051
310.84943370969086,-25.93304078112284,0.10745339717257704
203.94219851609859,-33.34810103991436,0.09002437572761963
132.45029561443442,14.149796421078037,0.11097327372793231
123.24325558505683,33.048270063640274,0.1047947467470111
272.65109156557514,-41.62511032618762,0.09385218192340271
113.2463862015434,-66.64272793769136,0.09319993851792226
236.63480998217105,-79.41443023179681,0.11339062229310551
186.23739006578884,13.635512105499402,0.09289593914554513
174.58763225690538,-56.49657006005957,0.10455484710289419
324.4183814336982,-88.33536103973411,0.11550935480219177
199.67222110329345,76.99555427826675,0.12864013938335664
297.6701770975302,6.685275434983311,0.12495809686656595
261.2064722765362,-73.3593275555449,0.11351234146313545
13.880608581239407,61.72580018294735,0.0774113297264292
278.3196189019509,86.97649289222124,0.08966427355873044
78.07329003277464,-9.251880836810898,0.09177869218791197
325.13387286656575,-82.35187051713153,0.12479724748847981
15.452708619179525,-68.84173066390858,0.08951023088541864
119.90593241075476,-21.30232560382221,0.10579249565647554
35.90386100451144,69.39407474079786,0.10151300594885969
171.21208215054375,-63.35303773000283,0.08597309185843685
295.20807691311063,58.318216920485185,0.10572736014429077
107.34744947870307,-87.3042731605765,0.10597444129296239
54.336563031974976,-7.670034218554022,0.08116337677387749
118.8961328508837,25.991485371102257,0.11834316170580116
292.99685109142894,-79.13169323539265,0.0687023495671722
50.53822480776488,20.657295110967596,0.09113864270635058
81.85048166790065,79.9927418645201,0.11457955440798363
24.78670721761462,-61.15321437541289,0.08210113249788942
254.05561583625877,41.33004894636349,0.10525398879343045
142.28396767308126,19.63690162983781,0.08055459417586855
111.90239177159377,-56.6790500017385,0.09860463783333666
258.7055005228147,-88.88338535231412,0.06529340330241701
120.95191524249188,-88.32879890893312,0.08736142447430488
261.9976583571905,5.776633650965152,0.07685617829268565
293.47178231315286,79.70029372101484,0.0939735438681025
78.35862364478584,25.973752943810226,0.09377152906267515
350.574730864554,38.573972332873865,0.08989503743036291
58.44886124856004,-1.1042123543033142,0.11196869794850119
104.70272639642732,14.740009674222563,0.08669680594192844
64.72630470007499,-67.25384544049138,0.10951580009783578
124.3820362882804,67.82771167211354,0.12443913654938293
172.821919615472,46.94267316002433,0.10208596225457024
187.98331284076286,89.67581151202972,0.08713494693136901
307.2981752266579,-36.40986943998816,0.08125992227707687
320.201247173712,-49.13680107670958,0.08935322349820751
79.23738988112629,-67.47090156695828,0.11056964081124837
224.2418515868709,83.55775619088806,0.10233386102453347
40.138580627537614,50.55933323304424,0.11405192824380984
165.22914966554458,-60.061569530465036,0.11155496318990818
116.04007369678253,9.4835647994785,0.10211215977817355
113.9402683632983,-15.521722547890178,0.10710232392499694
173.73032701635637,-62.73251859488529,0.12782869314130718
262.73794879053634,-60.82686269460621,0.12123484339262021
24.90575716526022,83.42459905413341,0.09545880974643621
316.5024015674656,-35.106447067610006,0.11484519162903836
264.532958867002,79.45907250310978,0.10878776208726904
63.53978000006165,-76.39007884828482,0.1170458211630961
338.09792727145333,-7.055452387225699,0.11007424858053866
182.2724006484199,-66.66857126698318,0.08538748847435515
359.9310881221075,-89.13827065658901,0.0757047315194095
71.01341074826556,9.67789326709378,0.1085894052580763
192.56695141795248,-69.49906113395458,0.12853927297554746
104.48929532157423,39.96441556806235,0.08836503838090044
109.50248066012877,35.660947627241924,0.09717865392925525
212.78353710023646,-58.26007665639195,0.08446378410707181
331.8188640735,79.513585787793,0.1176674425705849
289.894988008503,39.78781351784812,0.0654224971743472
260.6189034604773,-36.36535245175261,0.06604509548446288
201.3025615566128,37.662077511142314,0.1056252987973023
332.0274613202812,41.74744998267647,0.09876484529812972
177.2501064087183,-28.399260374827094,0.09280565477389291
314.5795842004985,-22.39405875693734,0.0954835782021488
300.2333917955874,-25.360828622405975,0.10805481871684543
76.98072484857116,20.991319839373332,0.09379294016425503
277.6411666677277,72.07382637723228,0.0835461254240033
4.3816164995731555,-58.82521747885423,0.0860895560789055
116.2186335173115,67.53592977053731,0.11332508292995265
82.64428008910193,-85.02243182903835,0.0921288706755667
182.47066505543285,28.86094727608004,0.07922083624349203
265.2671382050828,-15.401002825855045,0.10153267490415957
35.16349228118068,52.43067940184886,0.10757492082670017
185.37199269723664,39.81566032756254,0.11993441121329836
337.8283278099788,-3.580594713866887,0.10326855080682504
82.31275835386039,25.895526610067407,0.09010433129185495
243.7708118801127,0.31916352599013464,0.10711011800915544
